sample_id,target
ID1001187975__Dry_Clover_g,10.61137
ID1001187975__Dry_Dead_g,17.62636
ID1001187975__Dry_Green_g,27.685587
ID1001187975__Dry_Total_g,34.636093
ID1001187975__GDM_g,37.497837
